unit,precip_mm_norm,temp_c_norm,forest_pct_norm,grass_pct_norm,water_pct_norm,barren_neg_pct_norm,w_entropy_precip_mm,w_ahp_precip_mm,w_combined_precip_mm,direction_precip_mm,w_entropy_temp_c,w_ahp_temp_c,w_combined_temp_c,direction_temp_c,w_entropy_forest_pct,w_ahp_forest_pct,w_combined_forest_pct,direction_forest_pct,w_entropy_grass_pct,w_ahp_grass_pct,w_combined_grass_pct,direction_grass_pct,w_entropy_water_pct,w_ahp_water_pct,w_combined_water_pct,direction_water_pct,w_entropy_barren_neg_pct,w_ahp_barren_neg_pct,w_combined_barren_neg_pct,direction_barren_neg_pct
天祝,0.7900952928352579,0.4895752119096885,0.6948377230936008,0.5251867111868826,0.0023860217117086927,0.9825839377522407,0.07865529806628509,0.16666666666666666,0.11385984550643771,1,0.09508787093241866,0.16666666666666666,0.12371938922611786,1,0.37682711838643373,0.16666666666666666,0.2927629376985269,1,0.11427798132946634,0.16666666666666666,0.13523345546434645,1,0.2774731827798984,0.16666666666666666,0.23315057633460573,1,0.05767854850461528,0.16666666666666666,0.10127379576943583,-1
肃南,0.45641079190854517,0.14071983762028523,1.0,0.6954660230343377,0.002884666553051069,0.9964071667911012,0.07865529806628509,0.16666666666666666,0.11385984550643771,1,0.09508787093241866,0.16666666666666666,0.12371938922611786,1,0.37682711838643373,0.16666666666666666,0.2927629376985269,1,0.11427798132946634,0.16666666666666666,0.13523345546434645,1,0.2774731827798984,0.16666666666666666,0.23315057633460573,1,0.05767854850461528,0.16666666666666666,0.10127379576943583,-1
肃北,0.18322916587011484,0.8119930410736889,0.01654463060078264,0.28202371537059207,0.9095331096668233,0.2837575157443758,0.07865529806628509,0.16666666666666666,0.11385984550643771,1,0.09508787093241866,0.16666666666666666,0.12371938922611786,1,0.37682711838643373,0.16666666666666666,0.2927629376985269,1,0.11427798132946634,0.16666666666666666,0.13523345546434645,1,0.2774731827798984,0.16666666666666666,0.23315057633460573,1,0.05767854850461528,0.16666666666666666,0.10127379576943583,-1
阿克塞,0.0,0.5429309664247869,0.00031422742913240787,0.0,0.0,0.0,0.07865529806628509,0.16666666666666666,0.11385984550643771,1,0.09508787093241866,0.16666666666666666,0.12371938922611786,1,0.37682711838643373,0.16666666666666666,0.2927629376985269,1,0.11427798132946634,0.16666666666666666,0.13523345546434645,1,0.2774731827798984,0.16666666666666666,0.23315057633460573,1,0.05767854850461528,0.16666666666666666,0.10127379576943583,-1
民乐,0.5864526990050425,0.2148651298978136,0.006933014229792453,0.02407340071238482,0.3380840985922861,0.991422185686753,0.07865529806628509,0.16666666666666666,0.11385984550643771,1,0.09508787093241866,0.16666666666666666,0.12371938922611786,1,0.37682711838643373,0.16666666666666666,0.2927629376985269,1,0.11427798132946634,0.16666666666666666,0.13523345546434645,1,0.2774731827798984,0.16666666666666666,0.23315057633460573,1,0.05767854850461528,0.16666666666666666,0.10127379576943583,-1
山丹,0.2251562534273681,1.0,0.0,0.35946549154154267,0.40089202093027293,0.7722622085413277,0.07865529806628509,0.16666666666666666,0.11385984550643771,1,0.09508787093241866,0.16666666666666666,0.12371938922611786,1,0.37682711838643373,0.16666666666666666,0.2927629376985269,1,0.11427798132946634,0.16666666666666666,0.13523345546434645,1,0.2774731827798984,0.16666666666666666,0.23315057633460573,1,0.05767854850461528,0.16666666666666666,0.10127379576943583,-1
门源,1.0,0.293276470973435,0.35917674438174824,0.2302348780885468,0.2503936557230248,0.9680844032407568,0.07865529806628509,0.16666666666666666,0.11385984550643771,1,0.09508787093241866,0.16666666666666666,0.12371938922611786,1,0.37682711838643373,0.16666666666666666,0.2927629376985269,1,0.11427798132946634,0.16666666666666666,0.13523345546434645,1,0.2774731827798984,0.16666666666666666,0.23315057633460573,1,0.05767854850461528,0.16666666666666666,0.10127379576943583,-1
祁连,0.6431514116491014,0.0,0.757948138025499,0.567451945510265,0.055462522259996705,0.8837865329180504,0.07865529806628509,0.16666666666666666,0.11385984550643771,1,0.09508787093241866,0.16666666666666666,0.12371938922611786,1,0.37682711838643373,0.16666666666666666,0.2927629376985269,1,0.11427798132946634,0.16666666666666666,0.13523345546434645,1,0.2774731827798984,0.16666666666666666,0.23315057633460573,1,0.05767854850461528,0.16666666666666666,0.10127379576943583,-1
刚察,0.8145937268005841,0.3719882350775717,0.00023340467125177057,1.0,0.09703569230551551,1.0,0.07865529806628509,0.16666666666666666,0.11385984550643771,1,0.09508787093241866,0.16666666666666666,0.12371938922611786,1,0.37682711838643373,0.16666666666666666,0.2927629376985269,1,0.11427798132946634,0.16666666666666666,0.13523345546434645,1,0.2774731827798984,0.16666666666666666,0.23315057633460573,1,0.05767854850461528,0.16666666666666666,0.10127379576943583,-1
德令哈,0.25285016088806966,0.9166015886961117,0.0,0.25909520286587806,1.0,0.3493837655534755,0.07865529806628509,0.16666666666666666,0.11385984550643771,1,0.09508787093241866,0.16666666666666666,0.12371938922611786,1,0.37682711838643373,0.16666666666666666,0.2927629376985269,1,0.11427798132946634,0.16666666666666666,0.13523345546434645,1,0.2774731827798984,0.16666666666666666,0.23315057633460573,1,0.05767854850461528,0.16666666666666666,0.10127379576943583,-1
天峻,0.618617867860196,0.2801177890094018,0.00024519451159677293,0.9917736977232428,0.004239750132594689,0.9548223225207554,0.07865529806628509,0.16666666666666666,0.11385984550643771,1,0.09508787093241866,0.16666666666666666,0.12371938922611786,1,0.37682711838643373,0.16666666666666666,0.2927629376985269,1,0.11427798132946634,0.16666666666666666,0.13523345546434645,1,0.2774731827798984,0.16666666666666666,0.23315057633460573,1,0.05767854850461528,0.16666666666666666,0.10127379576943583,-1
